title,author,image_src,book_path,comments,genres
Алиби,ИВАНОВ Сергей,http://tululu.org/shots/239.jpg,http://tululu.org/txt.php?id=239,"Детский вариант анекдотов про Шерлока Холмса)
Загадки я люблю.)))
А мне понравилось, люблю, знаете ли, всякие загадочки, головоломочки, кроссвордики, Гимнастика ума, одним словом... 
Во всём можно найти положительные моменты, не разгадал загадку, так хоть гренки научился готовить отменные... :-)
Очень поучительное для ребенка 10 лет.","Научная фантастика, Прочие Детективы"
Бич небесный,Стерлинг Брюс,http://tululu.org/shots/550.jpg,http://tululu.org/txt.php?id=550,"Весьма интересная книга. Динамичный сюжет, насыщеный приключениями. Вмеру счастливый конец для главных героев. Оставляет чувство удовлетворения и завершенности. Немного коробит жаргон персонажей (пара выражений).
книга супер!
Книга потрясающая. С головой ушла в сюжет.
Ну не знаю, я ожидала увидеть более грандиозное описание Ф-6, что-то такое, чтоб прямо дух захватило. Сюжет весь какой-то разорванный, собственно самим торнадо уделено очень мало внимания, а интимные подробности жизни бригадиров меня лично очень утомляли. Я несколько разочарована, ожидала большего.
Уже прочитала пол книги- захватывает. Очень понравилось описание 2030 годов - по-моему именно к этому наш мир и катится.
Мда... Думал будет типа фильма Смерч, но эта тягомотина, насчет истории героев, как заливали не понятную жижу в легкие!! Зачем лб этом писать, не понимаю. Или для того чтобы книга была побольше? Забили бы еще рекламой прокладок олвэйс... Зря время потратил.
Сейчас буду читать, через 3 дня расскажу своё мнение...
Супер ^_^.","Научная фантастика, Триллеры"
Цена посвящения: Серый Ангел,Маркеев Олег Георгиевич,http://tululu.org/shots/768.jpg,http://tululu.org/txt.php?id=768,"Очень хорошо, много интересных мыслей. Советую.
Понравилось. Немного политизированности создает специфические ассоциации по восприятию произведения. Не скажу что ""отпад как классно"", но интересно читать. Фантастики как таковой нет, но от этого детектив хуже не стал.","Боевики, Научная фантастика"
Цена посвящения: Время Зверя,Маркеев Олег Георгиевич,http://tululu.org/shots/769.jpg,http://tululu.org/txt.php?id=769,"Мне понравилось, приятно читать умного человека чтобы он не писал.
Из этой серии, лучшая!
Это не фантастика, а реальность, включая психотропное оружие.
  Опечатки - вместо Ирак, следует читать - Иран.
  Недостатки: не указан противник Белого ордена; нас ставят на порог ""белого квадрата"", но новых идей не дают...","Боевики, Научная фантастика"
"Дело Джен, или Эйра немилосердия",Fforde Jasper,http://tululu.org/shots/1131.jpg,http://tululu.org/txt.php?id=1131,,"Научная фантастика, Прочие Детективы"
Фабрика дьявола,Мар Курт,http://tululu.org/shots/1715.jpg,http://tululu.org/txt.php?id=1715,"Книга супер!=)) всем советую!=)

динамичное развитие событий, прочитав страницу, хочется читать следующую; хорошо, но мало.
Дешевая муть.
Термин дешевая не применим к книгам.
Не увлекает, скучновато, изобилует ""научными терминами-вымыслами"".","Научная фантастика, Триллеры"
Говорящий камень,Азимов Айзек,http://tululu.org/images/nopic.gif,http://tululu.org/txt.php?id=1987,"читала похожее произведение. ""Мешок"", автора не помню.
Спасибо!!!
Айзек один из лучших авторов! Его рассказы и книги просто прекрасны! На мой (сугубо субъективный) взгляд он один из лучших писателей писавших научную фантастику!
Отличный писатель, гениальный как и его сочинения.
Он давно мне нравится, живой слог, талантливо...
Книги Азимова - Класс!
Прочитал. Понравилось. Люблю логику.
Азимов-талант, предвидевший многие открытия, а также будущее Земли как экосистемы, подвергающейся опасности. Читала и буду перечитывать. Спасибо!!!!","Научная фантастика, Прочие Детективы"
И Он пришел... ИТ-роман,Аджалов Владимир,http://tululu.org/shots/2043.jpg,http://tululu.org/txt.php?id=2043,"С удовольствием прочитал эту книгу, это удивительная книга по охвату событий сочетание прошлого и настоящего. Побольше бы таких.
Автор пришет в стиле Арура Хейли (Аэропорт, Отель и т.д.- кто не читал) - такая же многоплановость повествования и развитие сюжета в жанре экшн, но у Хейли даже второстепенные герои так мастерски выписаны, что надолго запоминаются, а здесь они банально одномерны. Кстати, идею об эмбрионах автор тоже позаимствовал из известной книги Код бытия, которой, соответственно, проигрывает. Эдинственный плюс - может кто-то после прочтения зантересуется хотя бы Библией и Евангелием, который мы так плохо знаем, ведь люди не читают подобной литературы, а может, даже почувствует Бога внутри себя и станет лучше!!!
Оч понравилось. Захватывает, увлекает, читалось На одном дыхании. Это готовый сценарий для многомиллионного супер экшена для всех людей не зависимо от возраста и вероисповедания.
Несколько неожиданная версия Пришествия Спасителя, но что-же, все равно познавательно. Спасибо Автору.
Книга интересная. Как физик, с некоторыми вещами, не могу согласиться. Однако суть не в правильной трактовке физических законов, а в определении роли Человека и его Совести (Бога) в нашем времени. Получил большое удовольствие от прочтения. Тут и захватывающий сюжет, и легкий стиль изложения. Спасибо!
Давно не читал ничего подобного.... Спасибо автору! Очень понравилось!
Очень понравилась! Читается легко, захватывает. Книга, на мой взгляд, нужная и полезная. Хотелось бы поднять уровень описания технических мест. Огромное Спасибо автору.
Необычно. Интересно и захватывает. Но главное- задумываешься о своем месте на этом свете.
Книга очень понравилась! Захватывающее чтение, особенно ближе к концу, когда все сюжетные линии сплетаются в одну. Затрагиваются важные для каждого думающего человека вопросы в разных сферах: и религиозные, и моральные, и даже политические чуть-чуть )))
Рекомендую прочитать!
Отличный вариант описания пришествия в наше время! Многим моим мыслям нашла подтверждение, будет о чем подискутировать!
Книга просто на одном дыхании читается!!! На чувствах здесь значительно поиграл автор (за душу берет)!!!
Зачетная книга! Ближе к концу книги начинает бредом попахивать, автор плохо в технологиях разбирается, концовка предсказуемая, но не менее приятная! Рекомендую к прочтению!
Я прочитал эту книгу на одном дыхании, очень увлекательная и поучительная книга, кое что узнал нового для себя и даже проверил эту инфу, советую всем кому не безразлично то что происходит вокруг нас прочитать ее, НЕПОЖАЛЕЕТЕ И ПОЛУЧИТЕ ЕЩЕ ОДНУ ТЕМУ ДЛЯ ДИССКУСИЙ СРЕДИ СВОИх.
Книга достойна того чтобы на ее основе сняли НАСТОЯЩЕЕ КИНО, не только из-за реалистичности отражаемых событий и людей (журналистов, террористов и духовных деятелей), но и очень острого для современного человека сюжета!!!
Согласна, книга читается легко, сюжет неординарный, очень хорошо чувствуется экшн. Но, хотя задумка и получилась неплохой, исполнение оставляет желать лучшего. Ну не выжал автор всего того, что мог бы. Да, добавить описания мест, характеров/внешности персонажей, чтобы получился не скупой сценарий, а книга, которая берет за душу и еще долго не отпускает. А так - прочитал, восхитился и... Забыл... К сожалению, мои ощущения таковы.
Книга очень интересная, захватывает с самого начала и ""не отпускает"" до конца, хотя ближе к середине концовка достаточно ясно вырисовывается. Тем не менее местами прошибает на слезу и заставляет задуматься о смысле жизни, своей и вообще...
Книга понравилась. Даже несмотря на то, что чувствуется дилетантизм автора во многих вопрос, сюжет захватывающий, хотя диалоги пресные, местами глупые. В целом книга хорошая, есть над чем задуматься.
Не впечатлило.
Очень мило. Добро на коне, конь в мыле но несет. Дружба народов, вер, полов. Зло вульгарно и мерзотна. Приторно сладко. В реале Зло красиво, обмачиво, это и ужасает. Итого: мелко, усужливо и еще раз мило до соплей.
С удовольствием прочитала эту книгу. Рекомендую.","Научная фантастика, Триллеры"
Казнить нельзя помиловать,Чертанов Максим,http://tululu.org/images/nopic.gif,http://tululu.org/txt.php?id=2531,"Стоит прочесть, несмотря на кое-гдешные замудрёносушности))","Научная фантастика, Триллеры"
"Ночь, которая умирает",Азимов Айзек,http://tululu.org/shots/4024.jpg,http://tululu.org/txt.php?id=4024,"Отличная книга! Причитал быстро, очень понравилась.
Ни фига не логично все. Если, как утверждает преступник ""все остальное произошло само собой. Одно потянуло за собой другое, и прежде, чем я понял, что делаю, было уже поздно"", то не думаю что у него совершенно случайно с собой оказалась запасная пленка, которую он вставил в фотик, отснял записи, потом вынул и спрятал, а в фотик вернул ту пленку что была там раньше. Все же произошло ""само собой"", то есть в состоянии аффекта, рядом с трупом... А если запасной пленки не было, тогда когда он отдал свой фотоаппарат на проверку, выяснилось бы что она новая, а это подозрительно в первую очередь. Короче троечка...
Очень интересно!
Николай, всё, что говорят, принято считать ложью. То, что говорит преступник - тем более.
Прочитал. Согласен с Николаем.
Судя, по названию книга очень интересная. Название интригует.
Гениально почти как все у Айзека.
Спасибо за возможность прочитать этот рассказ. Достаточно интересная гипотеза, и как всегда у Азимова, попутно много интересных фактов о других мирах.","Научная фантастика, Прочие Детективы"
Нырок в забвение,Хенрик Ричард,http://tululu.org/shots/4102.jpg,http://tululu.org/txt.php?id=4102,"Автору: Хенрик РичардYan Smit 25. 09. 2011 13:29:15 (перенесено)Нырок в забвение:: Хенрик Ричард Это не фантастика, это какая-то пропагандистская агитка( Автор не шарит в науках, но пишет о них - простительно. Автор не военный, но сочиняет на околовоенные темы - плевать. Но как у него русский КАПИТАН, прошедший войну, вдруг решил в жизни ""плыть по течению""???! Автор, что, русских только по своим газетам, да по нашим москвичам видел? А ""океанолог Ирина"", через каждые пять минут ругающая перед иностранцами своё, советское, откуда взялась? Что за гибрид проститутки с инопланетянином? В любом народе люди между собой по костям разложат и своё и своих, но перед чужими - хрен! Ни француз, ни американец, ни, тем более русский - СВОЁ перед чужими никогда опускать не станет. В общем, персонажи картонные, действо надуманное, и книжонку ""вытягивает"" только сюжет и как-бы современность. Ощущения при чтении - чтиво на раз. Долистать, плюнуть, и повесить в общественном туалете деревенском.","Научная фантастика, Политические детективы, Триллеры"
Поющий колокольчик,Азимов Айзек,http://tululu.org/shots/4876.jpg,http://tululu.org/txt.php?id=4876,"как и все по-настоящему драгоценное, колокольчики были хрупки до невозможности. но человек в своем стремлении к наживе забывает о хрупкости и видит перед собой только ценность... цену, выраженную в денежном эквиваленте...
Я прочитала эти произведения ещё в институте и просто заболела Азимовым. Книги я брала у знакомых, но сейчас благодоря интернету могу читать когда угодно. Спасибо вам!
Какое поэтичное описание этих поющих колокольчиков! Очень захотелось их услышать. Спасибо за возможность прочитать эти рассказы - я очень люблю Азимова, но эти рассказы прочитала впервые.","Научная фантастика, Прочие Детективы"
Продается тело Христа,Аджалов Владимир Исфандеярович,http://tululu.org/shots/5299.jpg,http://tululu.org/txt.php?id=5299,"Приятная книга=)
Чем- то напоминает фильм ""2012"", особенно, тема Христа. Глупо и притянуто за уши, самое то для тех, кто от радости брызгает слюной в сказках о Боге, спасителе и прочей ерунде))
А, мне книга понравилась. Легко читается. Правда у меня создалось впечатление, что я ее читала. Возможно из-за того, что по стилю напоминает Сидни Шелдона (у него есть детективный рассказ про какой-то упавший космический корабль, название запамятовала), а возможно, что события в книге предсказуемы. Но все равно, читать можно.
книга о нас и для нас. имеющий уши - да услышит... автору - уважение и благодарность.
Книга очень увлекательное и трогает до глубины души. Жаль только что не все линии героев доведены до конца.
Книга очень понравилась. Сюжет конечно местами предсказуем, но написано очень и очень неплохо. На слезу пробивает и героям сопереживаешь искренне. Концовка позитивная но книгу не портит. Самое главное, что сюжет заставляет задуматься ""кто ты в этом мире""; ""что ты сделал хорошего""; ""веришь ли ты"". Всем нормальным людям рекомендую! Останется в памяти.","Научная фантастика, Триллеры"
Роковой поцелуй,Патрацкая Наталья,http://tululu.org/images/nopic.gif,http://tululu.org/txt.php?id=5648,,"Научная фантастика, Прочие Детективы, Прочие приключения"
"Те, кто против нас",Руденко Борис,http://tululu.org/shots/6758.jpg,http://tululu.org/txt.php?id=6758,"Есть над чем подумать. Спасибо автору за хорошую книгу.
Книга очень понравилась! И идея новая, и сюжет интересный.
Прекрасная книга.
Книга очень понравилась, перечитывал под настроение пару раз! Интересно, будет ли продолжение?
Спасибо за книгу, напоминающую о том, что еще
Где-то существует понятия: чести и совести.
Помимо захватывающего сюжета, ценность торчества Бориса Руденко для меня лично, в хорошем литературном языке. Получаю почти эстетческое наслаждение, читая его произведения. Очень хорошо выписаны персонажи. У каждого свой харакер. Замечательная прередача эмоций героев. Давно не встречала подобного владения возможностями русского языка для передачи информации.
Очень что то напоминает! Гадкие лебеди Стругацких? Нет...! Так это же сегодняшняя Россия! Всё один к одному! Только причины другие, а последствия те же!
Это антигосударственное вредное чтиво. Надо немедленно запретить.","Научная фантастика, Триллеры"
"Телепортеры, внимание!",Мар Курт,http://tululu.org/shots/6766.jpg,http://tululu.org/txt.php?id=6766,,"Научная фантастика, Триллеры"
Зодиак,Стивенсон Нил,http://tululu.org/shots/8283.jpg,http://tululu.org/txt.php?id=8283,"ооооо, великая оранжевая серия!!! Большая часть из этой линии застревает и в душе, и в голове надолго))) 
надеюсь и эта книга произведет на меня такое же сильное впечатление, как и другие оранжевые%)))","Научная фантастика, Триллеры"
Der Schwarm,Schaetzing Frank,http://tululu.org/images/nopic.gif,http://tululu.org/txt.php?id=8467,,"Научная фантастика, Триллеры"
Justitia - est Часть 1,Картман Эрика,http://tululu.org/images/nopic.gif,http://tululu.org/txt.php?id=8559,,"Научная фантастика, Прочие Детективы"
Lost in a Good Book,Fforde Jasper,http://tululu.org/shots/8595.jpg,http://tululu.org/txt.php?id=8595,,"Научная фантастика, Прочие Детективы"
Астронавт Джонс,Хайнлайн Роберт,http://tululu.org/shots/8902.jpg,http://tululu.org/txt.php?id=8902,"Замечательная книга, поэтому и скачиваю. Читал давно, хочу перечитать снова.
Среди нынешнего мусора, книга представляет образец настоящей фантастики. Моя оценка 5. Один недочет - в конце ожидал большего.
Хорошая книга, очень понравилась, прочитал за день!
Читал до полуночи - не оторваться!
Лучшая научная фантастика из прочитанного, но конец какой-то невнятный.
Читал давно, хорошая книга.
Потрясающая книга.... Перечитывал ее раза 4... И еще буду )))
Всем хороша книга, за исключением концовки. Такое ощущение что автор поторопился ее закончить, может ему пришла в голову идея другой книги, или она ему просто наскучила, но я ожидал большего:(.
Хорошо выписанная книга старой школы. Читать очень интересно. Не пойму, чего все к концовке прицепились... Финал вполне внятный и закономерный.
Только что прочитал, решил оставить свой отзыв. Читается легко, написано интересно, сюжет-ничего похожего никогда не встречал. Буду читать все, что осталось:)
Да, мечта маленького мальчика! В 10-12 лет все мечтают стать героями - он тайком пробирается на корабль, и его делают капитаном! Ура!На тех, кто постарше, не рассчитано. С тех пор изобрели калькулятор и даже - вы не поверите! - компьютер. Как бы капитаном с тех пор не делают за то, что ты научился считать.
Читаю по вечерам сыну., ему семь лет., очень нравится )
Роберт Хайнлайн, лично для меня - ФАНТАСТ № РАЗ! Конечно, есть у него и слабые вещи (из ранних), но и они читаются. А серия о Вудро Смите (Лазарь Лонг) - эти вещи стоит прочитать даже девушкам...
Прочитал книгу за ночь... Интересная история про космические приключения... Концовка вялая... Но, как всегда с хорошим исходом... Читается интересно на одном дыхании...
Очень хорошая книга. За свою жизнь я перечитывал её не менее 20ти раз, знаю почти наизусть. Вот и сегодня решил на досуге прочитать.
Книжка класна, раніше нічого подібного не зустрічав. 10/10.
Мне сейчас 12 лет, вот недавно прочитала... Теперь вот не могу найти ничего интересного, всё кажется скучным по сравнению я этой книгой. Советую прочитать)
Отличная книга, читается на одном дыхании. Да и вообще Хайнлайн очен интересный автор. Рекомендую.
Книга явно написана для молодёжи от 10-ти до 20-ти. Хайнлайн всегда читается легко, сюжет неплохо закручен, но эта книга не входит в список лучших его произведений. Хотя, допускаю, что при хорошем переводе она выглядела бы лучше.Но перевод ниже всякой критики, да и орфографические ошибки сбивают... Похоже на компьютерный перевод с легкой правкой невнимательным или малограмотным корректором. Почему, например, команда проводит обсервации, а не наблюдения? Смысл понятен, но в русском языке есть устойчивое выражнение ""провести наблюдения"". Нормальный переводчик с филологическим образованием не допускал бы подобных ляпов. Тем не менее книгу прочитал с удовольствием.","Детская фантастика, Научная фантастика"
Будет скафандр - будут и путешествия,Хайнлайн Роберт,http://tululu.org/images/nopic.gif,http://tululu.org/txt.php?id=9080,"Хорошая добрая книга.
Очень приятная книга. Мягкая и пушистая.
Одна из любимых книг моего детства! Прочтите и дайте почитать своим детям!)
Очень добрая книга, которую можно рекомендовать как взрослым, так и детям.
Имею скафандр - готов путешествовать! Это невероятное приключение из детства и сейчас захватывает дух.
Прочитал первый раз эту книгу лет в 7, сейчас мне 32. Как будто снова вернулся в детство и детские мечты)
Я тоже в детстве читал, а потом ещё раза три! Сейчас сыну скачал, всем рекомендую!!!
Светлая книжка )
Книга очень интересная. Читал её два раза, и буду читать и в третий раз. Уже в электронном варианте.
Больше бы таких книг! То, что сейчас печатают...!!! КНИГА должна иметь смысл и давать стимул для развития человека. Это одна из них.","Детская фантастика, Научная фантастика"
Дочь Нефертити,Семенова Татьяна,http://tululu.org/shots/9402.jpg,http://tululu.org/txt.php?id=9402,"Несмотря на пометку, что литература для детей, мне очень понравился роман. Приятно наблюдать, что автор, перед написанием, проштудировала материалы по быту, одежде и прочим тонкостям как самой XVIII династии, так и исторические сведения о Древнем Египте. Преподнесено очень легко и ненавязчиво. Умничка, одним словом))
Книга очень понравилась, хотя уже далеко не детский возраст. Книга читается очень легко.
Согласна, читается легко, книга современная, интересная.
Очень понравилась книга ""дочь Нефертити. Сейчас читаю ""Наложница императора"". Читается на одном духу)
Убить Кеннеди оказывается очень просто, надо снайпера заменить клоном.
Книга очень интересная. Читается на одном дыхании. В книге имеются исторические факты, которые в этой книге легко запоминаются, в отличии от простого изложения документальных фактов.
Книга потряс.
Я под впечатлением! Потрясающе. Захватывает.
Мне 65, но книгу прочитал за присест. Татьяна, пишите еще. Мы вас любим.","Детская образовательная литература, Детская фантастика, Научная фантастика"
Наложница императора,Семенова Татьяна,http://tululu.org/shots/10768.jpg,http://tululu.org/txt.php?id=10768,"Замечательная книга, в которой весьма интересно изложены исторические факты, вплетённые в роман о приключениях современных подростков))
Книга очень увлекательная.
Нужно прочитать не только подросткам, но и взрослым. Жаль, что вшколе нам этого не рассказывали.","Детская образовательная литература, Детская фантастика, Научная фантастика"
Общая теория Доминант,Белохвостов Денис,http://tululu.org/shots/10923.jpg,http://tululu.org/txt.php?id=10923,"очень интересная книга, перечитывала раз5
Сюжет книги очень интересный, динамичный.
Ничего себе ДЕТСКАЯ...
Начало рассказа интересное, но в продолжении автор сползает на лирику про 12 летних детей, а потом и на детскую порнографию. Не смог дочитать до конца, бросил после того как прочел про секс между 12 летними детьми ""на ее тело брызнуло что-то теплое"".
Очень интересное произведение. Прочесть стоит.
Книга, конечно, СОВСЕМ не детская, но вполне занимательная, события быстро развиваются в режиме не плохого блокбастера. Слава пишет о сцене петинга между уже 14 летними детьми, это примерно 645 стр, ни когда не поверю, что прочитав столько из сюжета можно остановиться за 100 стр до конца. Мне лично понравилась книга, советую читать ее людям старше 14-15 лет, а порнографии там нет, кроме описанной сцены, вполне сжато и скупо, сама задумка произведения с эротическим подтекстом, но вполне приемлимом.
Зачем было делать главными героями детей? А насчёт порно детского то моё мнение оно есть и неприемлемо описание эротических сцен старался пропускать. Короче читая я старался подсознательно поднять возраст героев до 17-18 лет. А эротичное описание семиклассницы это педофилия.
Книга очень понравилась, давно книги не вызывали у меня столь много эмоций. Действительно блокбастер, конец несколько неправдоподобен, но в общем обязательно стоит прочитать. Сексуальный подтекст есть, но только подтекст, надо же подростков чем-то заинтересовать, чтобы в принципе книги читали, а не в ПК пялились)))
Собственно не понятно за что этой книге ставить положительный отзыв. При чтении складывается впечатление, что автором является школьник, у которого проблемы с личной жизнью, и который абсолютно ничего не понимает ни в оружии, ни в it технологиях, ни в устройстве государств и тем более спец служб и военных(где-то что-то видел, но ничего не понял). Понятие ""логика"" тут вообще не уместно, хотя писатель так и норовит выставить своих маленьких героев эдакими гениями... Правда тщетно. И вот уж не знаю кто набирал данную версию книги... Но простите в 90% случаев написать неправильно ""тся"" и ""ться"" и путать ""ни, ни"" с ""не, не"" это надо постараться. ИМХО: если вы умеете думать, эта книга не для вас; если вы любите тупые боевики с примесью романа(в данном случае с малолетними детьми), правда с довольно динамичным сюжетом- это то, что вы искали.
Полнейшая чушь. Более подробно читайте в отзыве Александра.","Детская фантастика, Научная фантастика"
Программируемый мальчик (педагогическая фантастика),Тюрин Александр Владимирович,http://tululu.org/images/nopic.gif,http://tululu.org/txt.php?id=11477,,"Детская фантастика, Киберпанк, Научная фантастика"
Войны Сорока Островов (Часть первая),Лукьяненко Сергей Васильевич,http://tululu.org/images/nopic.gif,http://tululu.org/txt.php?id=12674,"В последних словах объясняющих книгу в целом, я просто остановился и думал..., а ведь правда всё именно так. 
Администратор, модератор, в общем тот человек, что отвечает за расположение книг. Повесть называется ""Рыцари сорока островов"". Было бы неплохо исправить;)
Замечательная повесть! Читается на одном дыхании...последний комментарий автора, действительно, просто необходим!
Валентину: Название книги указанно верно, по сути это продолжение ""рыцарей"" т.е. следующая книга.
Больше похоже на философию, чем на фантастику.
Читал рыцарей два раза. Хотелось бы продолжения! Автор, я в тебя верю, что ты напишешь!
А мне кажется книга очень жесткой, и хотя главные герои-дети, совсем не детской. Но написано хорошо.
Сергей Васильевич, а ведь и правда надо бы дописать продолжение. Я очень люблю и уважаю все Ваше творчество, но эта книга - одна из моих самых любимых, она невероятно философская и сильная. Надеюсь, когда-нибудь Вы все же допишете ее :))
Все книги Сергея Лукьяненко философские. О фантастике даже не думаешь, потому что всё очень жизненно. Спасибо!
Книга хорошая. Давал детям читать когда им было по 10-12 лет, нравилась. И сейчас о ней хорошо вспоминают. Согласен, что книга сложная, но дети читали на одном дыхании, спрашивали продолжения, книга не просто читалась, а еще заставляла думать, сопереживать. Продолжение нужно!!!
Понравилось, жду продолжения!!!
Если вы еще не читали Лукьяненко, советую начинать с этой книги. Она, как простая но забойная песня в концерте, покажет вам, ваш ли это автор. (Мне ОЧЕНЬ нравтися).","Детская фантастика, Научная фантастика"
Взгляд из сердца,Мейстер Максим,http://tululu.org/images/nopic.gif,http://tululu.org/txt.php?id=12795,,"Детская проза, Детская фантастика, Научная фантастика, Прочая детская литература, Эзотерика"
Звездный зверь ( Звездное чудовище),Хайнлайн Роберт,http://tululu.org/shots/13038.jpg,http://tululu.org/txt.php?id=13038,"Хорошая книжка.
Ксенофобия, ненависть ко всему тому что не хочется понимать, может привести к гибели чедовечество. Эта тема актуальна сейчас и скорее всего будет актуальна еще очень долго.
Рекомендую всем!!!!!!!!!!!","Детская фантастика, Научная фантастика"
Красный сфинкс,Прашкевич Геннадий Мартович,http://tululu.org/shots/14480.jpg,http://tululu.org/txt.php?id=14480,,"Научная фантастика, Прочая документальная литература"
Сборник рассказов и повестей,ЛУКИНА Любовь,http://tululu.org/images/nopic.gif,http://tululu.org/txt.php?id=16092,,"Научная фантастика, Публицистика, Юмористическая фантастика"
...Яко помниши его,Азимов Айзек,http://tululu.org/shots/18919.jpg,http://tululu.org/txt.php?id=18919,"все просто супер
НИШТЯК-КНИГА
отличная книга!!!
короткая!
интересно))) да уж, никогда не думала, что так может оказаться))
Мне понравилось)
Кажется фильм с таким названием есть, но там все интересней.
Всегда нравились книги Айзека, отличное произведение, кстати, фильм так себе.
С одной стороны, все, что создано человеком призвано помогать ему безвозмездно. С другой, человек - неблагодарная сволочь. Третий аспект (с оглядкой на продолжение) - яблоко от яблони...
Коротка, но довольна хорошая книга, советую её прочитать!!!
А по этой книге снят фильм? Там еще Уилл Смит играет...
ДО СИХ ПОР ИНТЕРЕСНО.
Спасибо за возможность читать Ваши книги.
Я не перестаю удивляться.
Очень интересная.
Книга понравилась, заставляет задуматься об интеллекте, морали человека, о том как все относительно и как хрупок мир...
Хорошая книга. К админам, не плохо было бы если бы вы прописали год выхода книги в печать. Спасибо.",Научная фантастика
...На Вавилон,Силверберг Роберт,http://tululu.org/images/nopic.gif,http://tululu.org/txt.php?id=18920,"Отличный рассказ.
Этот рассказ захватывает с первого до последнего момента, почитайте, поймете, чем он интересен. Советую.
Да. Необычно, но впечатляет именно своей небычностью.
Может в рассказе и есть какой-то глубокий смысл, но я его не уловил. Прмойму просто муть.
Интересно, но концовка разочаровала... Ожидала большего.",Научная фантастика
...Вставьте шплинт А в гнездо Б...,Азимов Айзек,http://tululu.org/shots/18921.jpg,http://tululu.org/txt.php?id=18921,"Да уж, история на одну минуту. Сюжет простейший, ничего необычного, но улыбнуло))
Хорошия история. Прочитал, улыбнулся и, наверное, забыл. Но, рассказ очень милый...
классно))) коротенько, но мило)) прочитала за минуты две=) Да уж, робот, собирающий всевозможные механизмы, сам в разобранном состоянии)
Хи-хи... У Айзека с чувством юмора всё в порядке.
Согласна, пошутил клёво.
Так жалко стало этих двоих...)))
Вообще чушь какая то. О каком юморе толковали непонятно.
Почитайте на досуге или так, мимоходом, улыбнитесь:)
Да, идея не нова, не раз втречалось, но это как анекдоты с общим смыслом но разным сюжетом - все они смешные.
Добрая улыбка Мастера... Приято читать, черт возьми...
Азимов гениален в простоте и юморе.
Хорошая книга.
Lokonicno.",Научная фантастика
...к звездам!,Радутный Радий,http://tululu.org/images/nopic.gif,http://tululu.org/txt.php?id=18922,Спасибо за полученное удовольствие.,Научная фантастика
1-книга. Весна на Галане,Карр Алекс,http://tululu.org/images/nopic.gif,http://tululu.org/txt.php?id=18926,"Если честно, то слишком растянуто и нудновато. А в общем, идея понравилась, можно почитать, разок.
Согласна. Есть интересные моменты, но явный перебор по колличеству печатных знаков. Занудные описание роскоши, повтор на повторе. Автор выдохся в середине первой части. Эту книгу можно пролистать, останавливаясь на некоторых моментах.
Очень люблю фантастику. Автора пока не читала, надеюсь,- не разочарует!
А мне понравилось всё. Просто нужно читать не отвлекаясь, а не в метро:). Тогда полнее погружаешься в созданный мир, чему и способствует подробное описание.",Научная фантастика
10-я книга. Варкенские перемены.,Карр Алекс,http://tululu.org/images/nopic.gif,http://tululu.org/txt.php?id=18928,Я ставлю 4.,Научная фантастика
11-я книга. Рождение империи сенсетивов,Карр Алекс,http://tululu.org/images/nopic.gif,http://tululu.org/txt.php?id=18929,"Спасобо вам за это произведение!!!!!
Спасибо огромное, жду с нетерпением 16 книгу. Почему о вас нигде нет информации.? Пишете очень интересно-погрузилась в этот мир с удовольствием.",Научная фантастика
13-я книга. Галанское сватовство,Карр Алекс,http://tululu.org/images/nopic.gif,http://tululu.org/txt.php?id=18930,,Научная фантастика
132-й,Макаров Андрей,http://tululu.org/images/nopic.gif,http://tululu.org/txt.php?id=18931,"Хороший рассказ. Так и хочется этому штабному офицеру смазать по мурсалам... Сытый, чистый, самодовольный. Хорошо, что были и есть такие, как тот несуразный полковник.
Хороший рассказ, только жизненный, не фантастика.
Рассказ интересный и даже жизненный, поэтому тем более не понятно как он оказался в разделе фантастики!?
Очень хорошая книга. Жаль что сейчас всё больше капитанов и всё меньше полковников. Очень жаль...
Сейчас пол страны такие -вот капитаны. И молодежь такой воспитывается. Молодец Макаов!",Научная фантастика
14-я книга. Барабаны Таланов,Карр Алекс,http://tululu.org/images/nopic.gif,http://tululu.org/txt.php?id=18932,,Научная фантастика
15-я книга. Школа арханелов,Карр Алекс,http://tululu.org/images/nopic.gif,http://tululu.org/txt.php?id=18933,,Научная фантастика
2-я книга. Сенсетивы Галана,Карр Алекс,http://tululu.org/images/nopic.gif,http://tululu.org/txt.php?id=18935,,Научная фантастика
4-я книга. Экспедиция на Голубой планетоид,Карр Алекс,http://tululu.org/images/nopic.gif,http://tululu.org/txt.php?id=18936,,Научная фантастика
5-я книга. В подземельях Бидрупа.,Карр Алекс,http://tululu.org/images/nopic.gif,http://tululu.org/txt.php?id=18937,,Научная фантастика
53-я американская мечта,Салли Джейли,http://tululu.org/images/nopic.gif,http://tululu.org/txt.php?id=18938,"Полнейший бред по моему мнению.
Вы можете долго искать смысл в этом рассказе, но так и не найти. В этом, наверное, и была цель автора.",Научная фантастика
6-я книга. Сражение за Бидруп.,Карр Алекс,http://tululu.org/images/nopic.gif,http://tululu.org/txt.php?id=18939,,Научная фантастика
64-клеточный дурдом,Лейбер Фриц,http://tululu.org/images/nopic.gif,http://tululu.org/txt.php?id=18940,Заставляет задуматься- человек против мной машины или наоборот. Понравится любителям шахматных игр- книга для вас.,Научная фантастика
7-я книга. День Откровения,Карр Алекс,http://tululu.org/images/nopic.gif,http://tululu.org/txt.php?id=18941,,Научная фантастика
8-я книга. Полет Уригленны.,Карр Алекс,http://tululu.org/images/nopic.gif,http://tululu.org/txt.php?id=18942,,Научная фантастика
9-я книга. Тарат Зурбин,Карр Алекс,http://tululu.org/images/nopic.gif,http://tululu.org/txt.php?id=18943,,Научная фантастика
90х60х90,Берендеев Кирилл,http://tululu.org/images/nopic.gif,http://tululu.org/txt.php?id=18944,"Ни фантастики, ни фэнтези, обычный детектив... Про обычную жизненную ситуацию... Правда, пара диалогов заставили задуматься, но не более...",Научная фантастика
995-й святой,Цветков Юрий,http://tululu.org/images/nopic.gif,http://tululu.org/txt.php?id=18945,,Научная фантастика
"А, Критика!",Еськов Кирилл,http://tululu.org/images/nopic.gif,http://tululu.org/txt.php?id=18946,,Научная фантастика
АНТОЛОГИЯ СКАНДИНАВСКОЙ ФАНТАСТИКИ,Бойе Карин,http://tululu.org/shots/18949.jpg,http://tululu.org/txt.php?id=18949,"Занудная хоть и фантастика.
Правда занудная, хоть и фантастика.
Ну, занудная, ну, фантастика. А все равно интересно было прочитать.
Очень информативно и эмоционально содержательно))) Характеристика - ""занудно"", просто разжигает желание прочитать! Качаю!!!
Книга впечатляющая. Не сказать что очень интересная, но подходящего эпитета не подберу. Доведение идеи до л о г и ч н о г о абсурда. И вторая мысль, что человек может ко всему, к любым условиям привыкнуть. А не сам так следующее поколение. Человек слаб в смысле физических условий, но приспособляемость у него большая.
Поочеемуу занууудноо??? Для скаандинннааввии оооччееньь дажжее дииннаммиичнооо.",Научная фантастика
А бог един,Амнуэль Песах,http://tululu.org/images/nopic.gif,http://tululu.org/txt.php?id=18952,,Научная фантастика
А была ли тайна,Купцов Василий,http://tululu.org/images/nopic.gif,http://tululu.org/txt.php?id=18953,,Научная фантастика
А человек забудет,Трусов Сергей,http://tululu.org/images/nopic.gif,http://tululu.org/txt.php?id=18954,,Научная фантастика
А что будет,Браун Фредерик,http://tululu.org/images/nopic.gif,http://tululu.org/txt.php?id=18955,,Научная фантастика
А что с ними делать дальше?,Фостер Алан Дин,http://tululu.org/shots/18956.jpg,http://tululu.org/txt.php?id=18956,"Этот расказ интересен тока короткий больно охота проду : )
Мне понравилось. Только я думала, что йоппы - это все-таки мы земляне.
Очень понравилась книга.
Не поцимаю, почему такая низкая оценка.
Интересно. Много места для фантазии.",Научная фантастика
А дом стоит себе спокойно (Вечный дом),Ван Вогт Альфред,http://tululu.org/images/nopic.gif,http://tululu.org/txt.php?id=18958,,Научная фантастика
А еще мы выгуливаем собак,Хайнлайн Роберт,http://tululu.org/images/nopic.gif,http://tululu.org/txt.php?id=18959,"Легенький рассказик о фирме оказующей ну просто любые услуги.
Рекомдую у Ханлайнф плохих книг нетю.
Хайнлайн - замечателен!!!",Научная фантастика
А где же Рошар,Глазков Юрий,http://tululu.org/images/nopic.gif,http://tululu.org/txt.php?id=18960,,Научная фантастика
А и Е,Стульник Сергей,http://tululu.org/images/nopic.gif,http://tululu.org/txt.php?id=18961,,Научная фантастика
А я пойду дальше,Лейбер Фриц,http://tululu.org/images/nopic.gif,http://tululu.org/txt.php?id=18962,,Научная фантастика
А как же еще,Каттнер Генри,http://tululu.org/images/nopic.gif,http://tululu.org/txt.php?id=18963,Чудесный юмор ),Научная фантастика
А мне до них,Корепанов Алексей,http://tululu.org/images/nopic.gif,http://tululu.org/txt.php?id=18964,,Научная фантастика
А могла бы и быть,Григорьев Владимир,http://tululu.org/images/nopic.gif,http://tululu.org/txt.php?id=18965,,Научная фантастика
А моя мама - ведьма!,Тенн Уильям,http://tululu.org/images/nopic.gif,http://tululu.org/txt.php?id=18966,"Весьма рекомендую. Магия глазами ребёнка, рассказ - троюродный брат шурина кума знакомой подруги от того фильма ""Лабиринт Фавна""... В общем читаем.",Научная фантастика
А мы лезем в окно,Молзберг Барри,http://tululu.org/images/nopic.gif,http://tululu.org/txt.php?id=18967,"По этому рассказу я поставил номер в институте культуры еще  в 1990 году. До сих пор его признают как шедевр студенческого мастерства. Пытались некоторые поставить по-своему, но когда им Евгений Вандалковский рассказывал как ЭТО было - делали реверанс и искали другой материал.",Научная фантастика
А она бежала,Бушков Александр Александрович,http://tululu.org/images/nopic.gif,http://tululu.org/txt.php?id=18968,Очень продуманный сюжет.,Научная фантастика
А она уходила,Дымов Феликс Яковлевич,http://tululu.org/images/nopic.gif,http://tululu.org/txt.php?id=18969,,Научная фантастика
А поезд идет,Ашкинази Леонид,http://tululu.org/images/nopic.gif,http://tululu.org/txt.php?id=18970,,Научная фантастика
А роза упала на лапу Азора,Осинский Владимир,http://tululu.org/images/nopic.gif,http://tululu.org/txt.php?id=18971,,Научная фантастика
А вдруг они победят,Белен,http://tululu.org/images/nopic.gif,http://tululu.org/txt.php?id=18972,,Научная фантастика
